name,habitat,habitat_final
Bulbasaur,Kantonian forests and jungles,Forest
Ivysaur,Kantonian forests and jungles,Forest
Venusaur,Kantonian forests and jungles,Forest
Charmander,Kantonian mountains and volcanoes,Mountain
Charmeleon,Kantonian mountains and volcanoes,Mountain
Charizard,Kantonian mountains and volcanoes,Mountain
Squirtle,Kantonian lakes and ponds,Water's-edge
Wartortle,Kantonian lakes and ponds,Water's-edge
Blastoise,Kantonian lakes and ponds,Water's-edge
Caterpie,"Forests, jungles",Forest
Metapod,"Forests, jungles",Forest
Butterfree,"Forests, jungles",Forest
Weedle,"Forests, woodlands",Forest
Kakuna,"Forests, woodlands",Forest
Beedrill,"Forests, woodlands",Forest
Pidgey,"Kanto and Johtonian forests, fields, and grasslands, cities",Forest
Pidgeotto,Kantonian and Johto forests and fields,Forest
Pidgeot,Kantonian and Johtonian forests and fields,Forest
Rattata,"Fields, plains, savannas, urban areas",Grassland
Rattata,"Fields, plains, savannas, urban areas",Grassland
Raticate,"Fields, plains, savannas, urban areas",Grassland
Raticate,"Fields, plains, savannas, urban areas",Grassland
Raticate,"Fields, plains, savannas, urban areas",Grassland
Spearow,"Barren wastelands, fields, rocky areas",Rough-terrain
Fearow,"Rock spires near canyons, wastelands, tall trees",Rough-terrain
Ekans,"Savannas, plains, jungles",Grassland
Arbok,"Savannas, plains, jungles",Grassland
Pikachu,"Forests, areas with electrical activity",Forest
Pikachu,"Forests, areas with electrical activity",Forest
Pikachu,"Forests, areas with electrical activity",Forest
Pikachu,"Forests, areas with electrical activity",Forest
Pikachu,"Forests, areas with electrical activity",Forest
Pikachu,"Forests, areas with electrical activity",Forest
Pikachu,"Forests, areas with electrical activity",Forest
Pikachu,"Forests, areas with electrical activity",Forest
Pikachu,"Forests, areas with electrical activity",Forest
Pikachu,"Forests, areas with electrical activity",Forest
Pikachu,"Forests, areas with electrical activity",Forest
Pikachu,"Forests, areas with electrical activity",Forest
Pikachu,"Forests, areas with electrical activity",Forest
Pikachu,"Forests, areas with electrical activity",Forest
Pikachu,"Forests, areas with electrical activity",Forest
Pikachu,"Forests, areas with electrical activity",Forest
Raichu,"Forests, areas with electrical activity",Forest
Raichu,"Forests, areas with electrical activity",Forest
Sandshrew,"Caves, grasslands, deserts",Cave
Sandshrew,"Caves, grasslands, deserts",Cave
Sandslash,"Caves, grasslands, deserts",Cave
Sandslash,"Caves, grasslands, deserts",Cave
Nidoran-F,"Savannas, fields",Grassland
Nidorina,"Savannas, fields",Grassland
Nidoqueen,"Savannas, fields",Grassland
Nidoran-M,"Savannas, fields",Grassland
Nidorino,"Savannas, fields",Grassland
Nidoking,"Savannas, fields",Grassland
Clefairy,Mountains,Mountain
Clefable,Mountains,Mountain
Vulpix,"Fields, active and dormant volcanoes, cemeteries",Grassland
Vulpix,"Fields, active and dormant volcanoes, cemeteries",Grassland
Ninetales,"Fields, active and dormant volcanoes, cemeteries",Grassland
Ninetales,"Fields, active and dormant volcanoes, cemeteries",Grassland
Jigglypuff,Grassy meadows,Grassland
Wigglytuff,Grassy meadows,Grassland
Zubat,Caves,Cave
Golbat,Caves,Cave
Oddish,"Grassy plains, tropical jungles, swamps",Grassland
Gloom,"Grassy plains, tropical jungles, swamps",Grassland
Vileplume,"Grassy plains, tropical jungles, swamps",Grassland
Paras,"Damp caves, forests, and woodlands",Cave
Parasect,"Damp caves, forests, and woodlands",Cave
Venonat,"Forests, woodlands, jungles",Forest
Venomoth,"Forests, woodlands, jungles",Forest
Diglett,"Subterranean caves and tunnels, deserts",Cave
Diglett,"Subterranean caves and tunnels, deserts",Cave
Dugtrio,"Subterranean caves and tunnels, deserts",Cave
Dugtrio,"Subterranean caves and tunnels, deserts",Cave
Meowth,"Urban towns and cities, forests",Urban
Meowth,"Urban towns and cities, forests",Urban
Meowth,"Urban towns and cities, forests",Urban
Persian,"Urban towns and cities, forests",Urban
Persian,"Urban towns and cities, forests",Urban
Psyduck,"Temperate lakes and ponds, tropical rivers",Forest
Golduck,"Fast-moving tropical rivers, lakes, beaches",Water's-edge
Mankey,"Forests, jungles, mountains",Forest
Primeape,"Forests, jungles, mountains",Forest
Growlithe,"Scorched plains, prairies, active volcanoes",Grassland
Growlithe,"Scorched plains, prairies, active volcanoes",Grassland
Arcanine,"Scorched plains, prairies, active volcanoes",Grassland
Arcanine,"Scorched plains, prairies, active volcanoes",Grassland
Poliwag,Ponds and lakes around lily pads,Water's-edge
Poliwhirl,"Ponds, lakes",Water's-edge
Poliwrath,"Near ponds and lakes, damp caverns",Water's-edge
Abra,"Abandoned buildings, secluded alleyways",Urban
Kadabra,"Abandoned buildings, secluded alleyways",Urban
Alakazam,"Abandoned buildings, secluded alleyways",Urban
Machop,"Mountains, caves",Mountain
Machoke,"Mountains, caves",Mountain
Machamp,"Mountains, caves",Mountain
Bellsprout,"Tropical rainforests, humid swamps and bogs",Forest
Weepinbell,"Tropical rainforests, humid swamps and bogs",Forest
Victreebel,"Tropical rainforests, humid swamps and bogs",Forest
Tentacool,Oceans,Sea
Tentacruel,Oceans,Sea
Geodude,"Mountains, caves",Mountain
Geodude,"Mountains, caves",Mountain
Graveler,"Mountains, caves",Mountain
Graveler,"Mountains, caves",Mountain
Golem,"Mountains, caves",Mountain
Golem,"Mountains, caves",Mountain
Ponyta,"Grasslands, plains",Grassland
Ponyta,"Grasslands, plains",Grassland
Rapidash,"Grasslands, plains",Grassland
Rapidash,"Grasslands, plains",Grassland
Slowpoke,"Riversides, lakesides, beaches",Water's-edge
Slowpoke,"Riversides, lakesides, beaches",Water's-edge
Slowbro,"Riversides, lakesides, beaches",Water's-edge
Slowbro,"Riversides, lakesides, beaches",Water's-edge
Magnemite,"Power plants, rocky areas near metal ore",Urban
Magneton,"Power plants, rocky areas near metal ore",Urban
Farfetch’d,Grasslands and forests near water,Grassland
Farfetch’d,Grasslands and forests near water,Grassland
Doduo,"Plains, savannas",Grassland
Dodrio,"Plains, savannas, deserts",Grassland
Seel,Polar seas,Sea
Dewgong,Polar seas,Sea
Grimer,"Heavily-polluted areas, sewers, dumps",Urban
Grimer,"Heavily-polluted areas, sewers, dumps",Urban
Muk,"Heavily-polluted areas, sewers, dumps",Urban
Muk,"Heavily-polluted areas, sewers, dumps",Urban
Shellder,"Cold, rocky sea floors, beaches",Sea
Cloyster,"Cold, rocky sea floors, deep-water coral reefs",Sea
Gastly,"Abandoned buildings, cemeteries, dark forests",Urban
Haunter,"Abandoned buildings, cemeteries, dark forests",Urban
Gengar,"Dark alleys, cemeteries, dark forests",Urban
Onix,"Mountains, subterranean caves and tunnels",Mountain
Drowzee,"Near muddy rivers, grasslands, forests, rainforests",Water's-edge
Hypno,"Grasslands, savannas, forests, rainforests",Grassland
Krabby,"Sandy beaches, estuaries",Water's-edge
Kingler,"Sandy beaches, estuaries",Water's-edge
Voltorb,"Power plants, areas with electrical activity",Urban
Voltorb,"Power plants, areas with electrical activity",Urban
Electrode,"Power plants, areas with electrical activity",Urban
Electrode,"Power plants, areas with electrical activity",Urban
Exeggcute,"Forests, tropical jungles",Forest
Exeggutor,"Forests, tropical jungles, warm beaches",Forest
Exeggutor,"Forests, tropical jungles, warm beaches",Forest
Cubone,"Mountains, caves, badlands",Mountain
Marowak,"Mountains, caves, badlands",Mountain
Marowak,"Mountains, caves, badlands",Mountain
Marowak,"Mountains, caves, badlands",Mountain
Hitmonlee,"Urban towns and cities, mountains",Urban
Hitmonchan,"Urban towns and cities, mountains",Urban
Lickitung,Forests,Forest
Koffing,"Urban areas near waste, active volcanoes",Urban
Weezing,"Urban areas near waste, active volcanoes",Urban
Weezing,"Urban areas near waste, active volcanoes",Urban
Rhyhorn,"Plains, savannas, mountains, badlands, caverns",Grassland
Rhydon,"Plains, savannas, mountains, badlands, caverns",Grassland
Chansey,"Forests, meadows, Pokémon Centers",Forest
Tangela,"Grassy plains, tropical jungles, wetlands",Grassland
Kangaskhan,"Jungles, arid scrublands near water",Forest
Horsea,"Coral reefs, underwater caves",Sea
Seadra,"Coral reefs, underwater caves",Sea
Goldeen,"Ponds, lakes streams, rivers",Water's-edge
Seaking,"Ponds, lakes streams, rivers",Water's-edge
Staryu,Sea floors,Sea
Starmie,Sea floors,Sea
Mr. Mime,Urban and suburban areas,Urban
Mr. Mime,Urban and suburban areas,Urban
Scyther,"Grasslands, forests, woodlands, jungles, mountains",Grassland
Jynx,"Snowy mountains, icy caves, tundras",Mountain
Electabuzz,"Power plants, fields",Urban
Magmar,Active volcanoes,Mountain
Pinsir,"Temperate jungles and forests, deserts",Forest
Tauros,"Grasslands, plains, farms and ranches",Grassland
Tauros,"Grasslands, plains, farms and ranches",Grassland
Tauros,"Grasslands, plains, farms and ranches",Grassland
Tauros,"Grasslands, plains, farms and ranches",Grassland
Magikarp,"Ponds, lakes, streams, rivers, oceans",Water's-edge
Gyarados,"Ponds, lakes, streams, rivers, oceans",Water's-edge
Lapras,Polar and tropical seas,Sea
Ditto,"Anywhere, generally near humans",Urban
Eevee,"Cities, forests",Urban
Eevee,"Cities, forests",Urban
Vaporeon,"Large, clean lakesides",Urban
Jolteon,"Arid, dry chaparrals",Urban
Flareon,"Warm, dry grasslands",Urban
Porygon,"Computers, labs",Urban
Omanyte,Prehistoric sea floors and reefs,Sea
Omastar,Prehistoric sea floors and reefs,Sea
Kabuto,Prehistoric sea floors and shores,Sea
Kabutops,Prehistoric sea floors and shores,Sea
Aerodactyl,Prehistoric mountainous forests,Forest
Snorlax,"Forests, mountains",Forest
Articuno,"Isolated, snowy mountain peaks",Rare
Articuno,"Isolated, snowy mountain peaks",Rare
Zapdos,Secluded areas with high electrical activity,Rare
Zapdos,Secluded areas with high electrical activity,Rare
Moltres,Remote active volcanoes,Rare
Moltres,Remote active volcanoes,Rare
Dratini,Deep lakes,Water's-edge
Dragonair,Deep lakes,Water's-edge
Dragonite,"Deep lakes, oceans",Water's-edge
Mewtwo,"Anywhere, but prefers solitude",Rare
Mew,Anywhere,Rare
Chikorita,Johtonian grasslands,Grassland
Bayleef,Johtonian grasslands,Grassland
Meganium,Johtonian grasslands,Grassland
Cyndaquil,Johtonian grasslands and volcanic areas,Grassland
Quilava,Johtonian grasslands and volcanic areas,Grassland
Typhlosion,Johtonian grasslands and volcanic areas,Grassland
Typhlosion,Johtonian grasslands and volcanic areas,Grassland
Totodile,"Johtonian lakes, rivers, and estuaries",Water's-edge
Croconaw,"Johtonian lakes, rivers, and estuaries",Water's-edge
Feraligatr,"Johtonian lakes, rivers, and estuaries",Water's-edge
Sentret,"Grasslands, meadows, woodlands, boreal forests",Grassland
Furret,"Grasslands, meadows, woodlands, boreal forests",Grassland
Hoothoot,"Woods, forests",Forest
Noctowl,"Woods, forests",Forest
Ledyba,"Forests, woodlands, jungles",Forest
Ledian,"Forests, woodlands, jungles",Forest
Spinarak,"Forests, woodlands",Forest
Ariados,"Forests, woodlands",Forest
Crobat,"Caves, forests",Cave
Chinchou,"Sea floors, ocean abysses",Sea
Lanturn,"Sea floors, ocean abysses",Sea
Pichu,"Forests, cities, areas with electrical activity",Forest
Pichu,"Forests, cities, areas with electrical activity",Forest
Cleffa,Mountains,Mountain
Igglybuff,Grassy meadows near streams,Grassland
Togepi,Forests,Forest
Togetic,Forests,Forest
Natu,"Tropical forests, jungle ruins, deserts",Forest
Xatu,"Tropical forests, jungle ruins, deserts",Forest
Mareep,"Grassy fields, farms and ranches",Grassland
Flaaffy,"Grassy fields, farms and ranches",Grassland
Ampharos,"Grassy fields, farms and ranches",Grassland
Bellossom,"Grassy fields, tropical jungles",Grassland
Marill,"Ponds, lakes, rivers, streams",Water's-edge
Azumarill,"Ponds, lakes, rivers, streams",Water's-edge
Sudowoodo,Forests,Forest
Politoed,Ponds and lakes,Water's-edge
Hoppip,"Above forests, fields, and mountains",Forest
Skiploom,"Above forests, fields, and mountains",Forest
Jumpluff,"Above forests, fields, and mountains",Forest
Aipom,"Forests, jungles",Forest
Sunkern,"Fields, meadows",Grassland
Sunflora,"Fields, meadows",Grassland
Yanma,"Woodlands, swamps",Forest
Wooper,"Ponds, lakes, rivers, marshes",Water's-edge
Wooper,"Ponds, lakes, rivers, marshes",Water's-edge
Quagsire,"Ponds, lakes, rivers, marshes",Water's-edge
Espeon,Urban towns and cities,Urban
Umbreon,Urban towns and cities,Urban
Murkrow,"Woods, cities, swamps, forests",Forest
Slowking,"Riversides, lakesides, beaches",Water's-edge
Slowking,"Riversides, lakesides, beaches",Water's-edge
Misdreavus,"Woods, forests, caves",Forest
Unown,Ruins and temples,Rough-terrain
Wobbuffet,"Dark caves and forests, near ponds",Cave
Girafarig,"Plains, savannas, near mountains and water",Grassland
Pineco,"Forests, in trees",Forest
Forretress,"Forests, in trees",Forest
Dunsparce,Caves,Cave
Gligar,"Mountains, deserts, forests, cliffsides",Mountain
Steelix,"Mountains, subterranean caves and tunnels",Mountain
Snubbull,"Urban towns and cities, forests",Urban
Granbull,"Urban towns and cities, forests",Urban
Qwilfish,Open ocean,Sea
Qwilfish,Open ocean,Sea
Scizor,"Grasslands, forests, woodlands",Grassland
Shuckle,"Caves, mountains, beaches",Cave
Heracross,Forests,Forest
Sneasel,"Boreal forests, icy caves and mountains",Forest
Sneasel,"Boreal forests, icy caves and mountains",Forest
Teddiursa,"Mountains, temperate and boreal forests",Mountain
Ursaring,"Mountains, temperate and boreal forests",Mountain
Slugma,Volcanoes,Mountain
Magcargo,Volcanoes,Mountain
Swinub,"Icy caves and mountains, tundras",Cave
Piloswine,"Icy caves and mountains, tundras",Cave
Corsola,Tropical seas and reefs,Sea
Corsola,Tropical seas and reefs,Sea
Remoraid,"Streams and rivers, oceans",Water's-edge
Octillery,"Sea floors, open ocean",Sea
Delibird,Icy mountains,Mountain
Mantine,Open ocean,Sea
Skarmory,"Harsh mountains, crags, badlands, tundra",Mountain
Houndour,"Woods, volcanoes, badlands",Forest
Houndoom,"Woods, volcanoes, badlands",Forest
Kingdra,"Coral reefs, underwater caves",Sea
Phanpy,Rocky areas and plains near water,Rough-terrain
Donphan,Rocky areas and plains near water,Rough-terrain
Porygon2,"Computers, labs",Urban
Stantler,"Temperate and boreal forests, mountains",Forest
Smeargle,"Urban towns and cities, forests",Urban
Tyrogue,"Urban towns and cities, mountains",Urban
Hitmontop,"Urban towns and cities, mountains",Urban
Smoochum,"Snowy mountains, icy caves, tundras",Mountain
Elekid,"Power plants, fields",Urban
Magby,Active volcanoes,Mountain
Miltank,"Pastures, plains, farms and ranches",Grassland
Blissey,"Forests, meadows, Pokémon Centers",Forest
Raikou,"Anywhere, but prefers grasslands",Rare
Entei,"Anywhere, but prefers volcanoes",Rare
Suicune,"Anywhere, but prefers lakes",Rare
Larvitar,"Mountains, badlands",Mountain
Pupitar,"Mountains, badlands",Mountain
Tyranitar,"Mountains, badlands",Mountain
Lugia,Ocean floor,Rare
Ho-Oh,Clear skies,Rare
Celebi,Forests,Rare
Treecko,Hoennian forests,Forest
Grovyle,Hoennian forests,Forest
Sceptile,Hoennian forests,Forest
Torchic,Hoennian savannas and volcanoes,Grassland
Combusken,Hoennian savannas and volcanoes,Grassland
Blaziken,Hoennian savannas and volcanoes,Grassland
Mudkip,"Hoennian marshes, estuaries, and beaches",Water's-edge
Marshtomp,"Hoennian marshes, estuaries, and beaches",Water's-edge
Swampert,"Hoennian marshes, estuaries, and beaches",Water's-edge
Poochyena,"Grasslands, savannas, forests",Grassland
Mightyena,"Grasslands, savannas, forests",Grassland
Zigzagoon,"Woodlands, grasslands, fields, cities",Forest
Zigzagoon,"Woodlands, grasslands, fields, cities",Forest
Linoone,"Woodlands, grasslands, fields, cities",Forest
Linoone,"Woodlands, grasslands, fields, cities",Forest
Wurmple,Forests,Forest
Silcoon,Forests,Forest
Beautifly,Forests,Forest
Cascoon,Forests,Forest
Dustox,"Forests, cities",Forest
Lotad,Ponds,Water's-edge
Lombre,"Ponds, rivers",Water's-edge
Ludicolo,Ponds,Water's-edge
Seedot,"Forests, woodlands",Forest
Nuzleaf,"Forests, woodlands",Forest
Shiftry,"Forests, woodlands",Forest
Taillow,Warm grasslands and meadows,Grassland
Swellow,Warm grasslands and meadows,Grassland
Wingull,"Open ocean, shorelines, seaside cliffs",Sea
Pelipper,"Open ocean, shorelines, seaside cliffs",Sea
Ralts,"Outskirts of urban areas, forests",Urban
Kirlia,"Outskirts of urban areas, forests",Urban
Gardevoir,"Outskirts of urban areas, forests",Urban
Surskit,"Ponds, lakes, wetlands",Water's-edge
Masquerain,"Ponds, lakes, wetlands",Water's-edge
Shroomish,Damp forest floors,Forest
Breloom,Damp forests,Forest
Slakoth,"Forests, woods, jungles",Forest
Vigoroth,"Forests, woods, jungles",Forest
Slaking,"Forests, woods, jungles",Forest
Nincada,"Forests, underground beneath tree roots, woodlands",Forest
Ninjask,"Forests, woodlands",Forest
Shedinja,"Forests, woodlands",Forest
Whismur,Caves,Cave
Loudred,Caves,Cave
Exploud,Caves,Cave
Makuhita,Mountains,Mountain
Hariyama,Mountains,Mountain
Azurill,"Ponds, lakes, rivers, streams",Water's-edge
Nosepass,Caves,Cave
Skitty,"﻿Forests, cities",Forest
Delcatty,"Forests, cities",Forest
Sableye,Caves,Cave
Mawile,Caves,Cave
Aron,"Mountains, caves",Mountain
Lairon,"Mountains, caves",Mountain
Aggron,"Mountains, caves",Mountain
Meditite,"Mountains, fields",Mountain
Medicham,"Mountains, fields",Mountain
Electrike,Grasslands,Grassland
Manectric,Grasslands,Grassland
Plusle,Fields,Grassland
Minun,Fields,Grassland
Volbeat,Forests and fields near ponds,Forest
Illumise,Forests and fields near ponds,Forest
Roselia,"Gardens, fields",Grassland
Gulpin,"Grasslands, swamps, cities",Grassland
Swalot,"Grasslands, swamps, cities",Grassland
Carvanha,Tropical rivers,Water's-edge
Sharpedo,Open ocean,Sea
Wailmer,"Open ocean, beaches",Sea
Wailord,"Open ocean, beaches",Sea
Numel,Volcanoes,Mountain
Camerupt,Volcanoes,Mountain
Torkoal,Volcanoes,Mountain
Spoink,"Mountains, cliffs near oceans",Mountain
Grumpig,"Mountains, cliffs near oceans",Mountain
Spinda,"Mountains, fields",Mountain
Trapinch,Deserts,Rough-terrain
Vibrava,Deserts,Rough-terrain
Flygon,Deserts,Rough-terrain
Cacnea,Deserts,Rough-terrain
Cacturne,Deserts,Rough-terrain
Swablu,"Forests, fields, cities, hot springs",Forest
Altaria,"Forests, fields, hot springs",Forest
Zangoose,"Grasslands, watersides",Grassland
Seviper,"Grasslands, watersides",Grassland
Lunatone,"Caves, meteor crash sites",Cave
Solrock,"Caves, meteor crash sites",Cave
Barboach,"Ponds, marshes, rivers, swamps",Water's-edge
Whiscash,"Ponds, marshes, rivers, swamps",Water's-edge
Corphish,"Lakes, ponds, rivers, streams",Water's-edge
Crawdaunt,"Lakes, ponds, rivers, streams",Water's-edge
Baltoy,Ruins,Rough-terrain
Claydol,Ruins,Rough-terrain
Lileep,Prehistoric sea floors and reefs,Sea
Cradily,Prehistoric sea floors and reefs,Sea
Anorith,Prehistoric seas and reefs,Sea
Armaldo,Prehistoric seas and shores,Sea
Feebas,"Ponds, lakes, rivers, seas",Water's-edge
Milotic,"Lakes, rivers, seas",Water's-edge
Castform,"Areas with unpredictable weather, weather stations",Grassland
Castform,"Areas with unpredictable weather, weather stations",Grassland
Castform,"Areas with unpredictable weather, weather stations",Grassland
Castform,"Areas with unpredictable weather, weather stations",Grassland
Kecleon,"Forests, fields, jungles",Forest
Shuppet,Urban areas,Urban
Banette,Urban areas,Urban
Duskull,"Forests, woods, badlands",Forest
Dusclops,"Forests, woods, badlands",Forest
Tropius,Tropical jungles,Forest
Chimecho,"Mountains, woods, grasslands, cemeteries",Mountain
Absol,"Mountains, near disasters",Mountain
Wynaut,Dark caves and forests,Cave
Snorunt,Icy caves and peaks,Cave
Glalie,Icy caves and peaks,Cave
Spheal,"Polar seas, icy caves",Sea
Sealeo,"Polar seas, icy caves",Sea
Walrein,"Polar seas, icy caves",Sea
Clamperl,Sea floors,Sea
Huntail,Ocean trenches and abysses,Sea
Gorebyss,"Tropical reefs, ocean trenches and abysses",Sea
Relicanth,"Deep ocean waters, underwater caves",Sea
Luvdisc,"Coral reefs, tropical seas",Sea
Bagon,"Caverns, cliffs, canyons",Cave
Shelgon,"Caverns, cliffs, canyons",Cave
Salamence,"Caverns, cliffs, canyons",Cave
Beldum,"Cliffs, canyons, badlands",Rough-terrain
Metang,"Cliffs, canyons, badlands",Rough-terrain
Metagross,"Cliffs, canyons, badlands",Rough-terrain
Regirock,"Caves, ruins",Rare
Regice,"Caves, ruins",Rare
Registeel,"Caves, ruins",Rare
Latias,Near water,Rare
Latios,Near water,Rare
Kyogre,Ocean trenches,Rare
Groudon,Magma chambers,Rare
Rayquaza,Ozone layer,Rare
Jirachi,"Caves, ruins",Rare
Deoxys,Meteor crash sites,Rare
Deoxys,Meteor crash sites,Rare
Deoxys,Meteor crash sites,Rare
Deoxys,Meteor crash sites,Rare
Turtwig,Sinnohian forests,Forest
Grotle,Sinnohian forests,Forest
Torterra,Sinnohian forests,Forest
Chimchar,Sinnohian mountains,Mountain
Monferno,Sinnohian mountains,Mountain
Infernape,Sinnohian mountains,Mountain
Piplup,Polar Sinnohian seas,Sea
Prinplup,Polar Sinnohian seas,Sea
Empoleon,Polar Sinnohian seas,Sea
Starly,"Forests, fields, mountains, cities",Forest
Staravia,"Forests, fields, mountains",Forest
Staraptor,"Forests, fields, mountains",Forest
Bidoof,Riversides,Water's-edge
Bibarel,Riversides,Water's-edge
Kricketot,Fields,Grassland
Kricketune,Fields,Grassland
Shinx,"Fields, savannas",Grassland
Luxio,"Fields, savannas",Grassland
Luxray,"Fields, savannas",Grassland
Budew,"Gardens, fields",Grassland
Roserade,"Gardens, fields",Grassland
Cranidos,Prehistoric jungles,Forest
Rampardos,Prehistoric jungles,Forest
Shieldon,Prehistoric forests and woodlands,Forest
Bastiodon,Prehistoric forests and woodlands,Forest
Burmy,"Forests, riversides, urban areas",Forest
Wormadam,"Forests, riversides, urban areas",Forest
Wormadam,"Forests, riversides, urban areas",Forest
Wormadam,"Forests, riversides, urban areas",Forest
Mothim,Forests,Forest
Combee,"Forests, caves",Forest
Vespiquen,"Forests, caves",Forest
Pachirisu,"Forests, fields, power plants, cities",Forest
Buizel,"Rivers, beaches, kelp forests",Water's-edge
Floatzel,"Rivers, beaches, kelp forests",Water's-edge
Cherubi,Trees in forests,Forest
Cherrim,Trees in forests,Forest
Cherrim,Trees in forests,Forest
Shellos,"Ocean shorelines, tidepools, tropical reefs",Sea
Gastrodon,"Ocean shorelines, tidepools, tropical reefs",Sea
Ambipom,"Forests, jungles",Forest
Drifloon,"Clear skies, over volcanoes",Mountain
Drifblim,"Clear skies, over volcanoes",Mountain
Buneary,"Forests, mountains, near streams",Forest
Lopunny,"Forests, mountains, near streams",Forest
Mismagius,"Woods, forests, caves",Forest
Honchkrow,"Woods, cities, swamps, forests",Forest
Glameow,"Urban areas, forests",Urban
Purugly,"Urban areas, forests",Urban
Chingling,"Mountains, woods, grasslands, cemeteries",Mountain
Stunky,"Forests, woodlands",Forest
Skuntank,"Forests, woodlands",Forest
Bronzor,"Ruins, caves",Rough-terrain
Bronzong,"Ruins, caves",Rough-terrain
Bonsly,"Forests, mountains",Forest
Mime Jr.,Urban and suburban areas,Urban
Happiny,"Forests, meadows",Forest
Chatot,"Forests, fields, mountains, cities",Forest
Spiritomb,Ruins,Rough-terrain
Gible,"Caverns, badlands, volcanoes",Cave
Gabite,"Caverns, badlands, volcanoes",Cave
Garchomp,"Caverns, badlands, volcanoes",Cave
Munchlax,"Forests, mountains, cities",Forest
Riolu,Mountains,Mountain
Lucario,Mountains,Mountain
Hippopotas,Deserts,Rough-terrain
Hippowdon,Deserts,Rough-terrain
Skorupi,"Deserts, marshes",Rough-terrain
Drapion,"Deserts, marshes",Rough-terrain
Croagunk,"Marshes, swamps, forests, damp forests",Water's-edge
Toxicroak,"Marshes, swamps, forests, damp forests",Water's-edge
Carnivine,"Marshes, swamps, forests",Water's-edge
Finneon,"Open ocean, coral reefs, ocean abysses, rivers",Sea
Lumineon,"Deep ocean waters, trenches and abysses",Sea
Mantyke,Sunlit open ocean,Sea
Snover,"Boreal forests, snowy mountain peaks",Forest
Abomasnow,"Boreal forests, snowy mountain peaks",Forest
Weavile,"Boreal forests, snowy caves and mountains",Forest
Magnezone,"Power plants, rocky areas near metal ore",Urban
Lickilicky,Forests,Forest
Rhyperior,"Plains, savannas, mountains, badlands, caverns",Grassland
Tangrowth,"Grassy plains, tropical jungles, wetlands",Grassland
Electivire,"Power plants, fields",Urban
Magmortar,Active volcanoes,Mountain
Togekiss,Forests,Forest
Yanmega,"Woodlands, swamps",Forest
Leafeon,"Forests, woodlands",Urban
Glaceon,"Tundras, snowy mountains",Urban
Gliscor,"Mountains, deserts, forests, cliffsides",Mountain
Mamoswine,"Icy caves and mountains, tundras",Cave
Porygon-Z,"Computers, labs",Urban
Gallade,"Outskirts of urban areas, forests",Urban
Probopass,Caves,Cave
Dusknoir,"Forests, woods, badlands",Forest
Froslass,Icy caves and mountains,Cave
Rotom,Urban areas,Urban
Rotom,Urban areas,Urban
Rotom,Urban areas,Urban
Rotom,Urban areas,Urban
Rotom,Urban areas,Urban
Rotom,Urban areas,Urban
Uxie,"Museums, libraries, schools",Rare
Mesprit,"Memorial sites, festivals",Rare
Azelf,"Isolated, difficult-to-reach areas",Rare
Dialga,Unknown dimension,Rare
Dialga,Unknown dimension,Rare
Palkia,Unknown dimension,Rare
Palkia,Unknown dimension,Rare
Heatran,Unknown dimension,Rare
Regigigas,"Ruins, caves",Rare
Giratina,"Distortion World, cemeteries",Rare
Giratina,"Distortion World, cemeteries",Rare
Cresselia,Forests and lakes during the crescent moon,Rare
Phione,"Warm, open seas",Rare
Manaphy,Open ocean,Rare
Darkrai,Forests and cities during the new moon,Rare
Shaymin,Forests and cities during the new moon,Rare
Shaymin,Forests and cities during the new moon,Rare
Arceus,Unknown dimension,Rare
Arceus,Unknown dimension,Rare
Arceus,Unknown dimension,Rare
Arceus,Unknown dimension,Rare
Arceus,Unknown dimension,Rare
Arceus,Unknown dimension,Rare
Arceus,Unknown dimension,Rare
Arceus,Unknown dimension,Rare
Arceus,Unknown dimension,Rare
Arceus,Unknown dimension,Rare
Arceus,Unknown dimension,Rare
Arceus,Unknown dimension,Rare
Arceus,Unknown dimension,Rare
Arceus,Unknown dimension,Rare
Arceus,Unknown dimension,Rare
Arceus,Unknown dimension,Rare
Arceus,Unknown dimension,Rare
Arceus,Unknown dimension,Rare
Victini,Cities,Rare
Snivy,"Unovan fields, grasslands, and forests",Grassland
Servine,"Unovan fields, grasslands, and forests",Grassland
Serperior,"Unovan fields, grasslands, and forests",Grassland
Tepig,Unovan fields and grasslands,Grassland
Pignite,Unovan fields and grasslands,Grassland
Emboar,Unovan fields and grasslands,Grassland
Oshawott,Unovan beaches,Water's-edge
Dewott,Unovan beaches,Water's-edge
Samurott,Unovan beaches,Water's-edge
Samurott,Unovan beaches,Water's-edge
Patrat,"Prairies, fields, savannas, deserts",Grassland
Watchog,"Prairies, fields, savannas, deserts",Grassland
Lillipup,"Fields, cities",Grassland
Herdier,"Fields, cities",Grassland
Stoutland,"Fields, mountains",Grassland
Purrloin,"Cities, jungles, savannas",Urban
Liepard,"Jungles, savannas",Forest
Pansage,"Forests, jungles, woodlands",Forest
Simisage,"Forests, jungles, woodlands",Forest
Pansear,"Forests, jungles, volcanoes",Forest
Simisear,"Forests, jungles, volcanoes",Forest
Panpour,"Forests, jungles, lakesides",Forest
Simipour,"Forests, jungles, lakesides",Forest
Munna,"Urban outskirts, abandoned buildings",Urban
Musharna,"Urban outskirts, abandoned buildings",Urban
Pidove,"Cities, forests, prairies",Urban
Tranquill,"Cities, forests, prairies",Urban
Unfezant,"Forests, prairies",Forest
Blitzle,"Plains, savannas",Grassland
Zebstrika,"Plains, savannas",Grassland
Roggenrola,"Mountains, subterranean caves",Mountain
Boldore,"Mountains, subterranean caves",Mountain
Gigalith,"Mountains, subterranean caves",Mountain
Woobat,"Caves, forests",Cave
Swoobat,"Caves, forests",Cave
Drilbur,Subterranean caves and tunnels,Cave
Excadrill,Subterranean caves and tunnels,Cave
Audino,"Forests, cities",Forest
Timburr,"Forests, mountains, construction sites",Forest
Gurdurr,"Forests, mountains, construction sites",Forest
Conkeldurr,"Forests, mountains, construction sites",Forest
Tympole,"Ponds, wetlands",Water's-edge
Palpitoad,"Ponds, wetlands",Water's-edge
Seismitoad,"Ponds, wetlands",Water's-edge
Throh,"Forests, mountains",Forest
Sawk,"Forests, mountains",Forest
Sewaddle,Forests,Forest
Swadloon,Forests,Forest
Leavanny,Forests,Forest
Venipede,"Forests, woodlands",Forest
Whirlipede,"Forests, woodlands",Forest
Scolipede,"Forests, woodlands",Forest
Cottonee,"Forests, woodlands",Forest
Whimsicott,"Forests, woodlands",Forest
Petilil,"Forests, woodlands",Forest
Lilligant,"Forests, woodlands",Forest
Lilligant,"Forests, woodlands",Forest
Basculin,"Lakes, rivers, ponds",Water's-edge
Basculin,"Lakes, rivers, ponds",Water's-edge
Basculin,"Lakes, rivers, ponds",Water's-edge
Sandile,Deserts,Rough-terrain
Krokorok,Deserts,Rough-terrain
Krookodile,Deserts,Rough-terrain
Darumaka,"Deserts, ruins",Rough-terrain
Darumaka,"Deserts, ruins",Rough-terrain
Darmanitan,"Deserts, ruins",Rough-terrain
Darmanitan,"Deserts, ruins",Rough-terrain
Darmanitan,"Deserts, ruins",Rough-terrain
Darmanitan,"Deserts, ruins",Rough-terrain
Maractus,Deserts,Rough-terrain
Dwebble,"Caves, deserts",Cave
Crustle,"Caves, deserts",Cave
Scraggy,"Deserts, badlands",Rough-terrain
Scrafty,"Deserts, badlands",Rough-terrain
Sigilyph,Ruins,Rough-terrain
Yamask,"Ruins, tombs",Rough-terrain
Yamask,"Ruins, tombs",Rough-terrain
Cofagrigus,"Ruins, tombs",Rough-terrain
Tirtouga,Prehistoric beaches and warm oceans,Water's-edge
Carracosta,Prehistoric beaches and warm oceans,Water's-edge
Archen,Prehistoric forests and jungles,Forest
Archeops,Prehistoric forests and jungles,Forest
Trubbish,"Landfills, dumps, polluted urban areas",Urban
Garbodor,"Landfills, dumps, polluted urban areas",Urban
Zorua,"Forests, woodlands, urban outskirts",Forest
Zorua,"Forests, woodlands, urban outskirts",Forest
Zoroark,"Forests, woodlands, urban outskirts",Forest
Zoroark,"Forests, woodlands, urban outskirts",Forest
Minccino,"Woodlands, mountains, near streams",Forest
Cinccino,"Woodlands, mountains, near streams",Forest
Gothita,Urban outskirts,Urban
Gothorita,Urban outskirts,Urban
Gothitelle,Urban outskirts,Urban
Solosis,Urban outskirts,Urban
Duosion,Urban outskirts,Urban
Reuniclus,Urban outskirts,Urban
Ducklett,"Ponds, lakes, large puddles",Water's-edge
Swanna,"Ponds, lakes",Water's-edge
Vanillite,Southern icy caves and mountains,Cave
Vanillish,Southern icy caves and mountains,Cave
Vanilluxe,Southern icy caves and mountains,Cave
Deerling,"Montane and temperate forests, woodlands",Forest
Sawsbuck,"Montane and temperate forests, woodlands",Forest
Emolga,Deciduous forests,Forest
Karrablast,"Wetlands, fields, forests",Water's-edge
Escavalier,"Wetlands, fields",Water's-edge
Foongus,Damp forest floors and fields,Forest
Amoonguss,Damp forest floors and fields,Forest
Frillish,"Deep ocean waters, trenches and abysses",Sea
Jellicent,"Deep ocean waters, trenches and abysses",Sea
Alomomola,Open ocean,Sea
Joltik,"Forests, caves, cities",Forest
Galvantula,"Forests, caves",Forest
Ferroseed,"Damp, mossy caves",Cave
Ferrothorn,"Damp, mossy caves",Cave
Klink,"Caves, industrial areas",Cave
Klang,"Caves, industrial areas",Cave
Klinklang,"Caves, industrial areas",Cave
Tynamo,"Damp caves, lakes, rivers, coastal waters",Cave
Eelektrik,"Damp caves, lakes, rivers, coastal waters",Cave
Eelektross,"Damp caves, lakes, rivers, coastal waters",Cave
Elgyem,"Remote areas, deserts",Urban
Beheeyem,"Remote areas, deserts",Urban
Litwick,"Abandoned buildings, woods",Urban
Lampent,"Abandoned buildings, woods",Urban
Chandelure,"Abandoned buildings, woods",Urban
Axew,"Caves, riversides",Cave
Fraxure,"Caves, riversides",Cave
Haxorus,"Caves, riversides",Cave
Cubchoo,"Northern icy caves and glaciers, tundras",Cave
Beartic,"Northern icy caves and glaciers, tundras, polar seas",Cave
Cryogonal,"Icy mountains, snow clouds",Mountain
Shelmet,"Wetlands, fens",Water's-edge
Accelgor,"Wetlands, fens",Water's-edge
Stunfisk,"Marshes, wetlands, fens, estuaries, beaches",Water's-edge
Stunfisk,"Marshes, wetlands, fens, estuaries, beaches",Water's-edge
Mienfoo,Mountains,Mountain
Mienshao,Mountains,Mountain
Druddigon,Caves,Cave
Golett,Ruins,Rough-terrain
Golurk,Ruins,Rough-terrain
Pawniard,"Badlands, highlands, near rivers",Rough-terrain
Bisharp,"Badlands, highlands, near rivers",Rough-terrain
Bouffalant,"Plains, savannas",Grassland
Rufflet,"Coniferous forests, wetlands, badlands",Forest
Braviary,"Coniferous forests, wetlands, badlands",Forest
Braviary,"Coniferous forests, wetlands, badlands",Forest
Vullaby,"Plains, badlands",Grassland
Mandibuzz,"Plains, badlands",Grassland
Heatmor,"Tropical rainforests, caves, mountains",Forest
Durant,"Tropical rainforests, caves, mountains",Forest
Deino,Caves,Cave
Zweilous,Caves,Cave
Hydreigon,"Caves, cliffs, highlands",Cave
Larvesta,Volcanoes,Mountain
Volcarona,"Volcanoes, temples",Mountain
Cobalion,"Remote, mountainous areas",Rare
Terrakion,"Remote, rocky areas",Rare
Virizion,"Remote, grassy areas",Rare
Tornadus,Windy areas,Rare
Tornadus,Windy areas,Rare
Thundurus,Stormy areas,Rare
Thundurus,Stormy areas,Rare
Reshiram,Unova,Rare
Zekrom,Unova,Rare
Landorus,"Fertile areas, farmlands",Rare
Landorus,"Fertile areas, farmlands",Rare
Kyurem,Unova glaciers,Rare
Kyurem,Unova glaciers,Rare
Kyurem,Unova glaciers,Rare
Keldeo,Remote areas near lakes and rivers,Rare
Keldeo,Remote areas near lakes and rivers,Rare
Meloetta,"Concert halls, theaters",Rare
Meloetta,"Concert halls, theaters",Rare
Genesect,"Laboratories, research facilities",Rare
Genesect,"Laboratories, research facilities",Rare
Genesect,"Laboratories, research facilities",Rare
Genesect,"Laboratories, research facilities",Rare
Genesect,"Laboratories, research facilities",Rare
Chespin,"Kalosian grasslands, fields and forests",Grassland
Quilladin,"Kalosian grasslands, fields and forests",Grassland
Chesnaught,"Kalosian grasslands, fields and forests",Grassland
Fennekin,"Kalosian forests, chaparrals and deserts",Forest
Braixen,"Kalosian forests, chaparrals and deserts",Forest
Delphox,"Kalosian forests, chaparrals and deserts",Forest
Froakie,Kalosian ponds and wetlands,Water's-edge
Frogadier,Kalosian ponds and wetlands,Water's-edge
Greninja,Kalosian ponds and wetlands,Water's-edge
Greninja,Kalosian ponds and wetlands,Water's-edge
Bunnelby,"Forests, fields, mountains, rocky areas",Forest
Diggersby,"Forests, fields, mountains, rocky areas",Forest
Fletchling,"Woodlands, fields, urban areas",Forest
Fletchinder,"Woodlands, fields",Forest
Talonflame,"Woodlands, fields",Forest
Scatterbug,"Temperate, tropical, and boreal forests",Forest
Spewpa,"Temperate, tropical, and boreal forests",Forest
Vivillon,"Temperate, tropical, and boreal forests",Forest
Vivillon,"Temperate, tropical, and boreal forests",Forest
Vivillon,"Temperate, tropical, and boreal forests",Forest
Litleo,"Savannas, fields",Grassland
Pyroar,"Savannas, fields",Grassland
Flabébé,"Fields, gardens",Grassland
Floette,"Fields, gardens",Grassland
Floette,"Fields, gardens",Grassland
Florges,"Fields, gardens",Grassland
Skiddo,"Mountains, fields, pastures, farms ranches",Mountain
Gogoat,"Mountains, fields, pastures, farms ranches",Mountain
Pancham,"Bamboo forests, mountains",Forest
Pangoro,"Bamboo forests, mountains",Forest
Furfrou,Urban towns and cities,Urban
Espurr,"Abandoned urban settlements, fields",Urban
Meowstic,"Abandoned urban settlements, fields",Urban
Meowstic,"Abandoned urban settlements, fields",Urban
Honedge,"Castle ruins, abandoned mansions",Rough-terrain
Doublade,"Castle ruins, abandoned mansions",Rough-terrain
Aegislash,"Castle ruins, abandoned mansions",Rough-terrain
Aegislash,"Castle ruins, abandoned mansions",Rough-terrain
Spritzee,"Woodlands, meadows, rural areas",Forest
Aromatisse,"Woodlands, meadows, rural areas",Forest
Swirlix,"Woodlands, meadows, urban areas",Forest
Slurpuff,"Woodlands, meadows, urban areas",Forest
Inkay,"Beaches, tide pools, trenches and abysses",Water's-edge
Malamar,"Beaches, tide pools, trenches and abysses",Water's-edge
Binacle,"Beaches, tide pools",Water's-edge
Barbaracle,"Beaches, tide pools",Water's-edge
Skrelp,"Kelp forests, trenches and abysses",Forest
Dragalge,"Kelp forests, trenches and abysses",Forest
Clauncher,"Coral reefs, sea floors",Sea
Clawitzer,"Coral reefs, sea floors",Sea
Helioptile,Deserts,Rough-terrain
Heliolisk,Deserts,Rough-terrain
Tyrunt,Prehistoric jungles and mountains,Forest
Tyrantrum,Prehistoric jungles and mountains,Forest
Amaura,Prehistoric glaciers and tundras,Mountain
Aurorus,Prehistoric glaciers and tundras,Mountain
Sylveon,"Woodlands, urban areas",Urban
Hawlucha,Open fields and forests,Grassland
Dedenne,"Fields, meadows, urban areas",Grassland
Carbink,"Subterranean caves, bedrock",Cave
Goomy,"Swamps, marshes",Water's-edge
Sliggoo,"Swamps, marshes",Water's-edge
Sliggoo,"Swamps, marshes",Water's-edge
Goodra,"Swamps, marshes",Water's-edge
Goodra,"Swamps, marshes",Water's-edge
Klefki,Urban towns and cities,Urban
Phantump,"Forests, woods",Forest
Trevenant,"Forests, woods",Forest
Pumpkaboo,"Fields, farmlands, urban areas",Grassland
Pumpkaboo,"Fields, farmlands, urban areas",Grassland
Pumpkaboo,"Fields, farmlands, urban areas",Grassland
Pumpkaboo,"Fields, farmlands, urban areas",Grassland
Gourgeist,"Fields, farmlands, urban areas",Grassland
Gourgeist,"Fields, farmlands, urban areas",Grassland
Gourgeist,"Fields, farmlands, urban areas",Grassland
Gourgeist,"Fields, farmlands, urban areas",Grassland
Bergmite,"Glaciers, icy mountains, polar seas",Mountain
Avalugg,"Glaciers, icy mountains, polar seas",Mountain
Avalugg,"Glaciers, icy mountains, polar seas",Mountain
Noibat,"Caves, forests",Cave
Noivern,"Caves, forests",Cave
Xerneas,Woodlands,Rare
Xerneas,Woodlands,Rare
Yveltal,Wastelands,Rare
Zygarde,Caves,Rare
Zygarde,Caves,Rare
Zygarde,Caves,Rare
Diancie,"Subterranean caves, bedrock",Rare
Hoopa,"Anywhere, but prefers deserts",Rare
Hoopa,"Anywhere, but prefers deserts",Rare
Volcanion,Mountains,Rare
Rowlet,Alolan forests and woodlands,Forest
Dartrix,Alolan forests and woodlands,Forest
Decidueye,Alolan forests and woodlands,Forest
Decidueye,Alolan forests and woodlands,Forest
Litten,Alolan jungles and grasslands,Forest
Torracat,Alolan jungles and grasslands,Forest
Incineroar,Alolan jungles and grasslands,Forest
Popplio,Alolan beaches,Water's-edge
Brionne,Alolan beaches,Water's-edge
Primarina,Alolan beaches,Water's-edge
Pikipek,Tropical rainforests,Forest
Trumbeak,Tropical rainforests,Forest
Toucannon,Tropical rainforests,Forest
Yungoos,"Forests, grasslands, caves",Forest
Gumshoos,"Forests, grasslands, caves",Forest
Gumshoos,"Forests, grasslands, caves",Forest
Grubbin,"Woodlands, rainforests, power plants",Forest
Charjabug,"Woodlands, rainforests, power plants",Forest
Vikavolt,"Woodlands, rainforests, power plants",Forest
Vikavolt,"Woodlands, rainforests, power plants",Forest
Crabrawler,Coastal forests,Forest
Crabominable,Snowy peaks,Mountain
Oricorio,Meadows,Grassland
Oricorio,Meadows,Grassland
Oricorio,Meadows,Grassland
Oricorio,Meadows,Grassland
Cutiefly,"Fields, meadows, urban outskirts, cities",Grassland
Ribombee,"Fields, meadows",Grassland
Ribombee,"Fields, meadows",Grassland
Rockruff,"Forests, mountains, badlands, deserts",Forest
Lycanroc,"Forests, mountains, badlands, deserts",Forest
Lycanroc,"Forests, mountains, badlands, deserts",Forest
Lycanroc,"Forests, mountains, badlands, deserts",Forest
Wishiwashi,"Open ocean, tropical reefs",Sea
Wishiwashi,"Open ocean, tropical reefs",Sea
Mareanie,"Tropical seas and reefs, beaches, sea floors",Sea
Toxapex,"Tropical seas and reefs, beaches, tide pools, sea floors",Sea
Mudbray,"Farms and ranches, plains, badlands, marshes",Grassland
Mudsdale,"Farms and ranches, plains, badlands, marshes",Grassland
Dewpider,"Ponds, streams, brooks, riversides",Water's-edge
Araquanid,"Ponds, streams, brooks, riversides",Water's-edge
Araquanid,"Ponds, streams, brooks, riversides",Water's-edge
Fomantis,Tropical jungles,Forest
Lurantis,Tropical jungles,Forest
Lurantis,Tropical jungles,Forest
Morelull,Dark woodlands and forests,Forest
Shiinotic,Dark woodlands and forests,Forest
Salandit,"Volcanoes, badlands, volcanic caverns",Mountain
Salazzle,"Volcanoes, badlands, volcanic caverns",Mountain
Salazzle,"Volcanoes, badlands, volcanic caverns",Mountain
Stufful,"Forests, cities",Forest
Bewear,Forests,Forest
Bounsweet,Tropical jungles,Forest
Steenee,Tropical jungles,Forest
Tsareena,Tropical jungles,Forest
Comfey,"Meadows, Pokémon Centers",Grassland
Oranguru,"Rainforests, mountainous cloud forests",Forest
Passimian,"Forests, rainforests",Forest
Wimpod,"Beaches, tide pools, sea floors",Water's-edge
Golisopod,"Beaches, tide pools, underwater caves",Water's-edge
Sandygast,Sandy beaches,Water's-edge
Palossand,Sandy beaches,Water's-edge
Pyukumuku,"Beaches, sea floors",Water's-edge
Type: Null,Aether Paradise,Rare
Silvally,Aether Paradise,Rare
Silvally,Aether Paradise,Rare
Silvally,Aether Paradise,Rare
Silvally,Aether Paradise,Rare
Silvally,Aether Paradise,Rare
Silvally,Aether Paradise,Rare
Silvally,Aether Paradise,Rare
Silvally,Aether Paradise,Rare
Silvally,Aether Paradise,Rare
Silvally,Aether Paradise,Rare
Silvally,Aether Paradise,Rare
Silvally,Aether Paradise,Rare
Silvally,Aether Paradise,Rare
Silvally,Aether Paradise,Rare
Silvally,Aether Paradise,Rare
Silvally,Aether Paradise,Rare
Silvally,Aether Paradise,Rare
Silvally,Aether Paradise,Rare
Minior,"Stratosphere, mountain peaks, open areas",Mountain
Minior,"Stratosphere, mountain peaks, open areas",Mountain
Komala,Mountainous forests,Forest
Turtonator,"Volcanoes, caves, mountains",Mountain
Togedemaru,"Fields, forests, power plants",Grassland
Togedemaru,"Fields, forests, power plants",Grassland
Mimikyu,"Abandoned buildings, dark alleys",Urban
Mimikyu,"Abandoned buildings, dark alleys",Urban
Mimikyu,"Abandoned buildings, dark alleys",Urban
Mimikyu,"Abandoned buildings, dark alleys",Urban
Bruxish,"Tropical reefs, warm seas",Sea
Drampa,Mountains,Mountain
Dhelmise,"Open ocean, trenches and abysses",Sea
Jangmo-o,"Canyons, mountains, badlands, caves",Rough-terrain
Hakamo-o,"Canyons, mountains, badlands, caves",Rough-terrain
Kommo-o,"Canyons, mountains, badlands, caves",Rough-terrain
Kommo-o,"Canyons, mountains, badlands, caves",Rough-terrain
Tapu Koko,Melemele Island,Rare
Tapu Lele,Akala Island,Rare
Tapu Bulu,Ula'ula Island,Rare
Tapu Fini,Poni Island,Rare
Cosmog,Ultra Space,Rare
Cosmoem,Ultra Space,Rare
Solgaleo,Ultra Space,Rare
Lunala,Ultra Space,Rare
Nihilego,Ultra Space,Rare
Buzzwole,Ultra Space,Rare
Pheromosa,Ultra Space,Rare
Xurkitree,Ultra Space,Rare
Celesteela,Ultra Space,Rare
Kartana,Ultra Space,Rare
Guzzlord,Ultra Space,Rare
Necrozma,Underground,Rare
Necrozma,Underground,Rare
Necrozma,Underground,Rare
Necrozma,Underground,Rare
Magearna,Unknown,Rare
Magearna,Unknown,Rare
Marshadow,Dark areas,Rare
Poipole,Ultra Space,Rare
Naganadel,Ultra Space,Rare
Stakataka,Ultra Space,Rare
Blacephalon,Ultra Space,Rare
Zeraora,Melemele Island,Rare
Meltan,Near metal,Rare
Melmetal,Unknown,Rare
Grookey,Galarian jungles,Forest
Thwackey,Galarian jungles,Forest
Rillaboom,Galarian jungles,Forest
Scorbunny,Galarian grasslands,Grassland
Raboot,Galarian grasslands,Grassland
Cinderace,Galarian grasslands,Grassland
Sobble,Galarian ponds,Water's-edge
Drizzile,Galarian ponds,Water's-edge
Inteleon,Galarian ponds,Water's-edge
Skwovet,"Woodlands, temperate and boreal forests, orchards",Forest
Greedent,"Woodlands, temperate and boreal forests, orchards",Forest
Rookidee,"Forests, woodlands, wetlands, badlands",Forest
Corvisquire,"Forests, woodlands, wetlands, badlands",Forest
Corviknight,"Forests, woodlands, wetlands, cities",Forest
Blipbug,"Fields, gardens, forests",Grassland
Dottler,"Fields, gardens, forests",Grassland
Orbeetle,"Fields, gardens, forests",Grassland
Nickit,"Forests, woodlands, fields",Forest
Thievul,"Forests, woodlands, and fields",Forest
Gossifleur,Fields and meadows,Grassland
Eldegoss,Fields and meadows,Grassland
Wooloo,"Pastures, farms, fields, grasslands",Grassland
Dubwool,"Pastures, farms, fields, grasslands",Grassland
Chewtle,"Ponds and rivers, swamps",Water's-edge
Drednaw,"Ponds and rivers, swamps",Water's-edge
Yamper,"Fields and grasslands, pastures and farms",Grassland
Boltund,"Fields and grasslands, pastures and farms",Grassland
Rolycoly,"Coal mines, mountains, volcanoes",Cave
Carkol,"Coal mines, mountains, volcanoes",Cave
Coalossal,"Coal mines, mountains, volcanoes",Cave
Applin,"Forests, orchards",Forest
Flapple,"Forests, orchards",Forest
Appletun,"Forests, orchards",Forest
Silicobra,Deserts,Rough-terrain
Sandaconda,Deserts,Rough-terrain
Cramorant,"Beaches, seaside cliffs, temperate to polar seas",Water's-edge
Cramorant,"Beaches, seaside cliffs, temperate to polar seas",Water's-edge
Cramorant,"Beaches, seaside cliffs, temperate to polar seas",Water's-edge
Arrokuda,"Open ocean, reefs, lakes, rivers",Sea
Barraskewda,"Open oceans, reefs, lakes, rivers",Sea
Toxel,"Badlands, grasslands, swamps",Rough-terrain
Toxtricity,"Badlands, grasslands, swamps",Rough-terrain
Toxtricity,"Badlands, grasslands, swamps",Rough-terrain
Toxtricity,"Badlands, grasslands, swamps",Rough-terrain
Sizzlipede,"Mountains, volcanoes",Mountain
Centiskorch,"Mountains, volcanoes",Mountain
Clobbopus,"Beaches, cool and polar seas",Water's-edge
Grapploct,"Beaches, cool and polar seas",Water's-edge
Sinistea,"Cities, ruins",Urban
Sinistea,"Cities, ruins",Urban
Polteageist,"Cities, ruins",Urban
Polteageist,"Cities, ruins",Urban
Hatenna,Woodlands,Forest
Hattrem,Woodlands,Forest
Hatterene,Woodlands,Forest
Impidimp,"Woodlands, urban outskirts",Forest
Morgrem,"Woodlands, urban outskirts",Forest
Grimmsnarl,"Woodlands, urban outskirts",Forest
Obstagoon,"Forests, grasslands, fields",Forest
Perrserker,"Riversides, polar beaches, boreal forests, glaciers",Water's-edge
Cursola,"Raised sea basins, polluted reefs and trenches",Sea
Sirfetch’d,Forests and grasslands near water,Forest
Mr. Rime,"Urban and suburban areas, glaciers, boreal forests",Urban
Runerigus,Ruins,Rough-terrain
Milcery,"Fields, cities",Grassland
Alcremie,"Cities, fields",Urban
Falinks,"Badlands, canyons, mountains, ruins",Rough-terrain
Pincurchin,"Tide pools, reefs, sea floors",Sea
Snom,"Boreal forests, tundras, icy mountains",Forest
Frosmoth,"Boreal forests, tundras, icy mountains",Forest
Stonjourner,"Ruins, grasslands",Rough-terrain
Eiscue,Polar seas,Sea
Eiscue,Polar seas,Sea
Indeedee,"Cities, forests",Urban
Indeedee,"Cities, forests",Urban
Morpeko,"Grasslands, fields",Grassland
Morpeko,"Grasslands, fields",Grassland
Cufant,"Riversides, jungles, savannas",Water's-edge
Copperajah,"Riversides, jungles, savannas",Water's-edge
Dracozolt,Unknown,Rare
Arctozolt,Unknown,Rare
Dracovish,Unknown,Rare
Arctovish,Unknown,Rare
Duraludon,"Caves, mountains",Cave
Dreepy,"Lakes, lakesides, raised sea basins, beaches",Water's-edge
Drakloak,"Lakes, lakesides, raised sea basins, beaches",Water's-edge
Dragapult,"Lakes, lakesides, raised sea basins, beaches",Water's-edge
Zacian,Woodlands,Rare
Zacian,Woodlands,Rare
Zamazenta,Woodlands,Rare
Zamazenta,Woodlands,Rare
Eternatus,Unknown,Rare
Eternatus,Unknown,Rare
Kubfu,"Mountains, dojos",Rare
Urshifu,"Mountains, dojos",Rare
Urshifu,"Mountains, dojos",Rare
Urshifu,"Mountains, dojos",Rare
Zarude,Dense jungles,Rare
Zarude,Dense jungles,Rare
Regieleki,"Caves, ruins",Rare
Regidrago,"Caves, ruins",Rare
Glastrier,"Tundras, badlands",Rare
Spectrier,"Tundras, badlands",Rare
Calyrex,Galar,Rare
Calyrex,Galar,Rare
Calyrex,Galar,Rare
Wyrdeer,Boreal and alpine forests,Forest
Kleavor,"Forests, woodlands, rocky areas",Forest
Ursaluna,"Peatlands, boreal wetlands",Mountain
Basculegion,"Rivers, lakes, waterfalls",Water's-edge
Basculegion,"Rivers, lakes, waterfalls",Water's-edge
Sneasler,"Highlands, mountains, boreal forests",Mountain
Overqwil,"Open ocean, trenches",Sea
Enamorus,Hisui,Rare
Enamorus,Hisui,Rare
Sprigatito,"Paldean fields, forests, and woodlands",Grassland
Floragato,"Paldean fields, forests, and woodlands",Grassland
Meowscarada,"Paldean fields, forests, and woodlands",Grassland
Fuecoco,Paldean volcanoes and deserts,Mountain
Crocalor,Paldean volcanoes and deserts,Mountain
Skeledirge,Paldean volcanoes and deserts,Mountain
Quaxly,"Paldean ponds, lakes, and rivers",Water's-edge
Quaxwell,"Paldean ponds, lakes, and rivers",Water's-edge
Quaquaval,"Paldean ponds, lakes, and rivers",Water's-edge
Lechonk,"Grasslands, mountainsides, farms",Grassland
Oinkologne,"Grasslands, mountainsides, farms",Grassland
Oinkologne,"Grasslands, mountainsides, farms",Grassland
Tarountula,Trees in forests and woodlands,Forest
Spidops,Trees in forests and woodlands,Forest
Nymble,"Woodlands, chaparrals",Forest
Lokix,"Woodlands, chaparrals",Forest
Pawmi,"Forests, fields, power plants",Forest
Pawmo,"Forests, fields, power plants",Forest
Pawmot,"Forests, fields, power plants",Forest
Tandemaus,"Fields, forests, urban areas",Grassland
Maushold,"Fields, forests, urban areas",Grassland
Maushold,"Fields, forests, urban areas",Grassland
Fidough,"Urban areas, meadows",Urban
Dachsbun,"Urban areas, meadows",Urban
Smoliv,"Grasslands and chaparrals, farms",Grassland
Dolliv,"Grasslands and chaparrals, farms",Grassland
Arboliva,"Grasslands and chaparrals, mountains, farms",Grassland
Squawkabilly,"Rainforests, urban areas",Forest
Squawkabilly,"Rainforests, urban areas",Forest
Squawkabilly,"Rainforests, urban areas",Forest
Squawkabilly,"Rainforests, urban areas",Forest
Nacli,"Caves, mountains, salt lakes, beaches",Cave
Naclstack,"Caves, mountains, salt lakes, beaches",Cave
Garganacl,"Caves, mountains, salt lakes, beaches",Cave
Charcadet,"Volcanoes, ruins",Mountain
Armarouge,"Volcanoes, ruins",Mountain
Ceruledge,"Volcanoes, ruins",Mountain
Tadbulb,"Ponds, rivers, wetlands, hydroelectric plants",Water's-edge
Bellibolt,"Ponds, rivers, wetlands, hydroelectric plants",Water's-edge
Wattrel,Coastal cliffs,Sea
Kilowattrel,Coastal cliffs,Sea
Maschiff,"Forests, urban areas",Forest
Mabosstiff,"Forests, urban areas",Forest
Shroodle,"Forests, jungles, and woodlands",Forest
Grafaiai,"Forests, jungles, and woodlands",Forest
Bramblin,"Deserts, wastelands",Rough-terrain
Brambleghast,"Deserts, wastelands",Rough-terrain
Toedscool,"Woodlands, damp forests",Forest
Toedscruel,"Woodlands, damp forests",Forest
Klawf,"Canyons, cliffs, and badlands",Rough-terrain
Capsakid,"Deserts, badlands",Rough-terrain
Scovillain,"Deserts, badlands",Rough-terrain
Rellor,Deserts,Rough-terrain
Rabsca,Deserts,Rough-terrain
Flittle,"Deserts, wastelands, savannas",Rough-terrain
Espathra,"Deserts, wastelands, savannas",Rough-terrain
Tinkatink,"Ruins, mountains",Rough-terrain
Tinkatuff,"Ruins, mountains",Rough-terrain
Tinkaton,"Ruins, mountains",Rough-terrain
Wiglett,"Beaches, reefs",Water's-edge
Wugtrio,"Beaches, reefs",Water's-edge
Bombirdier,"Beaches, riversides, mountains",Water's-edge
Finizen,"Open ocean, reefs",Sea
Palafin,"Open ocean, reefs",Sea
Palafin,"Open ocean, reefs",Sea
Varoom,"Urban outskirts, industrial areas",Urban
Revavroom,"Urban outskirts, industrial areas",Urban
Cyclizar,"Grasslands, plains, urban areas",Grassland
Orthworm,"Deserts, caves",Rough-terrain
Glimmet,Caves,Cave
Glimmora,Caves,Cave
Greavard,"Graveyards, forests, mountains",Urban
Houndstone,"Graveyards, forests, mountains",Urban
Flamigo,Wetlands,Water's-edge
Cetoddle,Glaciers,Mountain
Cetitan,Glaciers,Mountain
Veluza,"Open ocean, lakes",Sea
Dondozo,Large lakes,Water's-edge
Tatsugiri,"Large lakes, lakeshores",Water's-edge
Annihilape,"Forests, jungles, mountains",Forest
Clodsire,"Wetlands, ponds",Water's-edge
Farigiraf,"Plains, savannas, near mountains and water",Grassland
Dudunsparce,Caves,Cave
Dudunsparce,Caves,Cave
Kingambit,"Badlands, highlands, near rivers",Rough-terrain
Great Tusk,Area Zero,Rare
Scream Tail,Area Zero,Rare
Brute Bonnet,Area Zero,Rare
Flutter Mane,Area Zero,Rare
Slither Wing,Area Zero,Rare
Sandy Shocks,Area Zero,Rare
Iron Treads,Area Zero,Rare
Iron Bundle,Area Zero,Rare
Iron Hands,Area Zero,Rare
Iron Jugulis,Area Zero,Rare
Iron Moth,Area Zero,Rare
Iron Thorns,Area Zero,Rare
Frigibax,"Snow-packed caves, boreal forests",Cave
Arctibax,"Snow-packed caves, boreal forests",Cave
Baxcalibur,"Snow-packed caves, boreal forests",Cave
Gimmighoul,Ruins,Rough-terrain
Gimmighoul,Ruins,Rough-terrain
Gholdengo,Ruins,Rough-terrain
Wo-Chien,Ruins,Rare
Chien-Pao,Ruins,Rare
Ting-Lu,Ruins,Rare
Chi-Yu,Ruins,Rare
Roaring Moon,Area Zero,Rare
Iron Valiant,Area Zero,Rare
Koraidon,Anywhere,Rare
Miraidon,Anywhere,Rare
Walking Wake,,Rare
Iron Leaves,,Rare
